1790716989		2102
1790716999	bench_stock	2102
1790717009	bench_stock	2102
1790717019	bench_stock	2102
1790717029	bench_stock	2102
1790717039	bench_stock	2102
1790717049	bench_stock	2102
1790717059	bench_stock	2102
1790717069	bench_stock	2102
1790717079	bench_stock	2102
1790717089	bench_stock	2102
1790717099	bench_stock	2102
1790717109	bench_stock	2102
1790717119	bench_stock	2102
1790717129	bench_stock	2102
1790717139	bench_stock	2102
1790717149	bench_stock	2102
1790717159	bench_stock	2102
1790717169	bench_stock	2102
1790717179	bench_stock	2102
1790717189	bench_stock	2102
1790717199	bench_stock	2102
1790717209	bench_stock	2102
1790717219	bench_stock	2102
1790717229	bench_stock	2102
1790717239	bench_stock	2102
1790717250	bench_stock	2102
1790717260	bench_stock	2102
1790717270	bench_stock	2102
1790717280	bench_zendnn	2102
1790717290	bench_zendnn	2102
1790717300	bench_zendnn	2102
1790717310	bench_zendnn	2102
1790717320	bench_zendnn	2102
1790717330	bench_zendnn	2102
1790717340	bench_zendnn	2102
1790717350	bench_zendnn	2102
1790717360	bench_zendnn	2102
1790717370	bench_zendnn	2102
1790717380	bench_zendnn	2102
1790717390	bench_zendnn	2102
1790717400	bench_zendnn	2102
1790717410	bench_zendnn	2102
1790717420	bench_zendnn	2102
1790717430	bench_zendnn	2102
1790717440	bench_zendnn	2102
1790717450	bench_zendnn	2102
1790717460	bench_zendnn	2102
1790717470	bench_zendnn	2102
1790717480	bench_zendnn	2102
1790717490	bench_zendnn	2102
1790717500	bench_zendnn	2102
1790717510	bench_zendnn	2102
1790717520	bench_zendnn	2102
1790717530	bench_zendnn	2102
1790717540	bench_zendnn	2102
1790717550	bench_zendnn	2102
1790717560	bench_zendnn	2102
1790717570	bench_zendnn	2102
1790717580	bench_zendnn_fb0	2102
1790717590	bench_zendnn_fb0	2102
1790717600	bench_zendnn_fb0	2102
1790717610	bench_zendnn_fb0	2102
1790717620	bench_zendnn_fb0	2102
1790717631	bench_zendnn_fb0	2102
1790717641	bench_zendnn_fb0	2102
1790717651	bench_zendnn_fb0	2102
1790717661	bench_zendnn_fb0	2102
1790717671	bench_zendnn_fb0	2102
1790717681	bench_zendnn_fb0	2102
1790717691	bench_zendnn_fb0	2102
1790717701	bench_zendnn_fb0	2102
1790717711	bench_zendnn_fb0	2102
1790717721	bench_zendnn_fb0	2102
1790717731	bench_zendnn_fb0	2102
1790717741	bench_zendnn_fb0	2102
1790717751	bench_zendnn_fb0	2102
1790717761	bench_zendnn_fb0	2102
1790717771	bench_zendnn_fb0	2102
1790717781	bench_zendnn_fb0	2102
1790717791	bench_zendnn_fb0	2102
1790717801	bench_zendnn_fb0	2102
1790717811	bench_zendnn_fb0	2102
1790717821	bench_zendnn_fb0	2102
1790717831	bench_zendnn_fb0	2102
1790717841	bench_zendnn_fb0	2102
1790717851	bench_zendnn_fb0	2102
1790717861	bench_zendnn_fb0	2102
1790717871	bench_zendnn_fb0	2102
1790717881	bench_zendnn_fb0	2102
1790717891	bench_zendnn_fb0	2102
1790717901	bench_zendnn_fb0	2102
1790717911	bench_zendnn_fb0	2102
1790717921	bench_zendnn_fb0	2102
1790717931	bench_zendnn_fb0	2102
1790717941	bench_zendnn_fb0	2102
1790717951	bench_zendnn_fb0	2102
1790717961	bench_zendnn_fb0	2102
1790717971	bench_zendnn_fb0	2102
1790717981	bench_zendnn_fb0	2102
1790717991	bench_zendnn_fb0	2102
1790718001	bench_zendnn_fb0	2102
1790718011	bench_zendnn_fb0	2102
1790718021	bench_zendnn_fb0	2102
1790718031	bench_zendnn_fb0	2102
1790718041	bench_zendnn_fb0	2102
1790718051	bench_zendnn_fb0	2102
1790718061	bench_zendnn_fb0	2102
1790718071	bench_zendnn_fb0	2102
1790718081	bench_zendnn_fb0	2102
1790718091	bench_zendnn_fb0	2102
1790718102	bench_zendnn_fb0	2102
1790718112	bench_zendnn_fb0	2102
1790718122	bench_zendnn_fb0	2102
1790718132	bench_zendnn_fb0	2102
1790718142	bench_zendnn_fb0	2102
1790718152	bench_zendnn_fb0	2102
1790718162	bench_zendnn_fb0	2102
1790718172	bench_zendnn_fb0	2102
1790718182	bench_zendnn_fb0	2102
1790718192	bench_zendnn_fb0	2102
1790718202	bench_zendnn_fb0	2102
1790718212	bench_zendnn_fb0	2102
1790718222	bench_zendnn_fb0	2102
1790718232	bench_zendnn_fb0	2102
1790718242	bench_zendnn_fb0	2102
1790718252	bench_zendnn_fb0	2102
1790718262	bench_zendnn_fb0	2102
1790718272	bench_zendnn_fb0	2102
1790718282	bench_zendnn_fb0	2102
1790718292	bench_zendnn_fb0	2102
1790718302	bench_zendnn_fb0	2102
1790718312	bench_zendnn_fb0	2102
1790718322	bench_zendnn_fb0_grp1	2102
1790718332	bench_zendnn_fb0_grp1	2102
1790718342	bench_zendnn_fb0_grp3	2102
1790718352	bench_zendnn_fb0_grp3	2102
1790718362	bench_zendnn_fb0_grp3	2102
1790718372	bench_zendnn_fb0_grp3	2102
1790718382	bench_zendnn_fb0_grp3	2102
1790718392	bench_zendnn_fb0_grp4	2102
1790718402	bench_zendnn_fb0_grp4	2102
1790718412	bench_zendnn_fb0_grp4	2102
1790718422	bench_zendnn_fb0_grp4	2102
1790718432	bench_zendnn_fb0_grp4	2102
1790718442	bench_zendnn_fb0_grp4	2102
1790718452	bench_zendnn_fb0_grp4	2102
1790718462	bench_zendnn_fb0_grp4	2102
1790718472	bench_zendnn_fb0_grp4	2102
1790718482	bench_zendnn_fb0_grp4	2102
1790718492	bench_zendnn_fb0_grp4	2102
1790718502	bench_zendnn_fb0_grp4	2102
1790718512	bench_zendnn_fb0_grp4	2102
1790718522	bench_zendnn_fb0_grp4	2102
1790718532	bench_zendnn_fb0_grp4	2102
1790718542	bench_zendnn_fb0_grp4	2102
1790718552	bench_zendnn_fb0_grp4	2102
1790718562	bench_zendnn_fb0_grp4	2102
1790718572	bench_zendnn_fb0_grp4	2102
1790718582	bench_zendnn_fb0_grp4	2102
1790718592	bench_zendnn_fb0_grp4	2102
1790718602	bench_zendnn_fb0_grp4	2102
1790718612	bench_zendnn_fb0_grp4	2102
1790718622	bench_zendnn_fb0_grp4	2102
1790718633	bench_zendnn_fb0_grp4	2102
1790718643	bench_zendnn_fb0_grp4	2102
1790718653	bench_zendnn_fb0_grp4	2102
1790718663	bench_zendnn_fb0_grp4	2102
1790718673	bench_zendnn_fb0_grp4	2102
1790718683	bench_zendnn_fb0_grp4	2102
1790718693	bench_zendnn_fb0_grp4	2102
1790718703	bench_zendnn_fb0_grp4	2102
1790718713	bench_zendnn_fb0_grp4	2102
1790718723	bench_zendnn_fb0_grp4	2102
1790718733	bench_zendnn_fb0_grp4	2102
1790718743	bench_zendnn_fb0_grp4	2102
1790718753	bench_zendnn_fb0_grp4	2102
1790718763	bench_zendnn_fb0_grp4	2102
1790718773	bench_zendnn_fb0_grp4	2102
1790718783	bench_zendnn_fb0_grp4	2102
1790718793	bench_zendnn_fb0_grp4	2102
1790718803	bench_zendnn_fb0_grp4	2102
1790718813	bench_zendnn_fb0_grp4	2102
1790718823	bench_zendnn_fb0_grp4	2102
1790718833	bench_zendnn_fb0_grp4	2102
1790718843	bench_zendnn_fb0_grp4	2102
1790718853	bench_zendnn_fb0_grp4	2102
1790718863	bench_zendnn_fb0_grp4	2102
1790718873	bench_zendnn_fb0_grp4	2102
1790718883	bench_zendnn_fb0_grp4	2102
1790718893	bench_zendnn_fb0_grp4	2102
1790718903	bench_zendnn_fb0_grp4	2102
1790718913	bench_zendnn_fb0_grp4	2102
1790718923	bench_zendnn_fb0_grp4	2102
1790718933	bench_zendnn_fb0_grp4	2102
1790718943	bench_zendnn_fb0_grp4	2102
1790718953	bench_zendnn_fb0_grp4	2102
1790718963	bench_zendnn_fb0_grp4	2102
1790718973	bench_zendnn_fb0_grp4	2102
1790718983	bench_zendnn_fb0_grp4	2102
1790718993	bench_zendnn_fb0_grp4	2102
1790719003	bench_zendnn_fb0_grp4	2102
1790719013	bench_zendnn_fb0_grp4	2102
1790719023	bench_zendnn_fb0_grp4	2102
1790719033	bench_zendnn_fb0_grp4	2102
1790719043	bench_zendnn_fb0_grp4	2102
1790719053	bench_zendnn_fb0_grp5	2102
1790719063	vllm_pp256	2102
1790719073	vllm_pp256	2102
1790719083	vllm_pp256	2102
1790719093	vllm_pp256	2102
1790719103	vllm_pp256	2102
1790719114	vllm_pp256	2102
1790719124	vllm_pp256	2102
1790719134	vllm_pp256	2102
1790719144	vllm_pp256	2102
1790719154	vllm_pp256	2102
1790719164	vllm_pp256	2102
1790719174	vllm_pp256	2102
1790719184	vllm_pp256	2102
1790719194	vllm_pp256	2102
1790719204	vllm_pp256	2102
1790719214	vllm_pp256	2102
1790719224	vllm_pp256	2102
1790719234	vllm_pp256	2102
1790719244	vllm_pp256	2102
1790719254	vllm_pp256	2102
1790719264	vllm_pp256	2102
1790719274	vllm_pp256	2102
1790719284	vllm_pp256	2102
1790719294	vllm_pp256	2102
1790719304	vllm_pp256	2102
1790719314	vllm_pp256	2102
1790719324	vllm_pp256	2102
1790719334	vllm_pp256	2102
1790719344	vllm_pp8192	2102
1790719354	vllm_pp8192	2102
1790719364	vllm_pp8192	2102
1790719374	vllm_pp8192	2102
1790719384	vllm_pp8192	2102
1790719394	vllm_pp8192	2102
1790719404	vllm_pp8192	2102
1790719414	vllm_pp8192	2102
1790719424	vllm_pp8192	2102
1790719434	vllm_pp8192	2102
1790719444	vllm_pp8192	2102
1790719454	vllm_pp8192	2102
1790719464	vllm_pp8192	2102
1790719474	vllm_pp8192	2102
1790719484	vllm_pp8192	2102
1790719494	vllm_pp8192	2102
1790719504	vllm_pp8192	2102
1790719514	vllm_pp8192	2102
1790719524	vllm_pp8192	2102
1790719534	vllm_pp8192	2102
1790719544	vllm_pp8192	2102
1790719554	vllm_pp8192	2102
1790719564	vllm_pp8192	2102
1790719574	vllm_pp8192	2102
1790719585	vllm_pp8192	2102
1790719595	vllm_pp8192	2102
1790719605	vllm_pp8192	2102
1790719615	vllm_pp8192	2102
1790719625	vllm_pp8192	2102
1790719635	placement_zendnn	2102
1790719645	placement_zendnn_fb0	2102
1790719655	placement_zendnn_fb0	2102
1790719665	placement_zendnn_fb0	2102
1790719675	placement_zendnn_fb0	2102
1790719685	opprof_stock_pp256_ub512	2102
1790719695	opprof_zendnn_pp256_ub512	2102
1790719705	opprof_zendnn_fb0_pp256_ub512	2102
1790719715	opprof_zendnn_fb0_pp256_ub512	2102
1790719725	opprof_zendnn_fb0_pp256_ub512	2102
1790719735	opprof_zendnn_fb0_pp256_ub512	2102
1790719745	opprof_stock_pp8192_ub512	2102
1790719755	opprof_stock_pp8192_ub512	2102
1790719765	opprof_stock_pp8192_ub512	2102
1790719775	opprof_stock_pp8192_ub512	2102
1790719785	opprof_stock_pp8192_ub512	2102
1790719795	opprof_stock_pp8192_ub512	2102
1790719805	opprof_stock_pp8192_ub512	2102
1790719815	opprof_stock_pp8192_ub512	2102
1790719825	opprof_stock_pp8192_ub512	2102
1790719835	opprof_stock_pp8192_ub512	2102
1790719845	opprof_stock_pp8192_ub512	2102
1790719856	opprof_stock_pp8192_ub512	2102
1790719866	opprof_stock_pp8192_ub512	2102
1790719876	opprof_stock_pp8192_ub512	2102
1790719886	opprof_stock_pp8192_ub512	2102
1790719896	opprof_zendnn_pp8192_ub512	2102
1790719906	opprof_zendnn_pp8192_ub512	2102
1790719916	opprof_zendnn_pp8192_ub512	2102
1790719926	opprof_zendnn_pp8192_ub512	2102
1790719936	opprof_zendnn_pp8192_ub512	2102
1790719946	opprof_zendnn_pp8192_ub512	2102
1790719956	opprof_zendnn_pp8192_ub512	2102
1790719966	opprof_zendnn_pp8192_ub512	2102
1790719976	opprof_zendnn_pp8192_ub512	2102
1790719986	opprof_zendnn_pp8192_ub512	2102
1790719996	opprof_zendnn_pp8192_ub512	2102
1790720006	opprof_zendnn_pp8192_ub512	2102
1790720016	opprof_zendnn_pp8192_ub512	2102
1790720026	opprof_zendnn_fb0_pp8192_ub512	2102
1790720036	opprof_zendnn_fb0_pp8192_ub512	2102
1790720046	opprof_zendnn_fb0_pp8192_ub512	2102
1790720056	opprof_zendnn_fb0_pp8192_ub512	2102
1790720066	opprof_zendnn_fb0_pp8192_ub512	2102
1790720076	opprof_zendnn_fb0_pp8192_ub512	2102
1790720086	opprof_zendnn_fb0_pp8192_ub512	2102
1790720096	opprof_zendnn_fb0_pp8192_ub512	2102
1790720106	opprof_zendnn_fb0_pp8192_ub512	2102
1790720116	opprof_zendnn_fb0_pp8192_ub512	2102
1790720126	opprof_zendnn_fb0_pp8192_ub512	2102
1790720136	opprof_zendnn_fb0_pp8192_ub512	2102
1790720146	opprof_zendnn_fb0_pp8192_ub512	2102
1790720156	opprof_zendnn_fb0_pp8192_ub512	2102
1790720166	opprof_zendnn_fb0_pp8192_ub512	2102
1790720176	opprof_zendnn_fb0_pp8192_ub512	2102
1790720186	opprof_zendnn_fb0_pp8192_ub512	2102
1790720196	opprof_zendnn_fb0_pp8192_ub512	2102
1790720206	opprof_zendnn_fb0_pp8192_ub512	2102
1790720217	opprof_stock_pp8192_ub4096	2102
1790720227	opprof_stock_pp8192_ub4096	2102
1790720237	opprof_stock_pp8192_ub4096	2102
1790720247	opprof_stock_pp8192_ub4096	2102
1790720257	opprof_stock_pp8192_ub4096	2102
1790720267	opprof_stock_pp8192_ub4096	2102
1790720277	opprof_stock_pp8192_ub4096	2102
1790720287	opprof_stock_pp8192_ub4096	2102
1790720297	opprof_stock_pp8192_ub4096	2102
1790720307	opprof_stock_pp8192_ub4096	2102
1790720317	opprof_stock_pp8192_ub4096	2102
1790720327	opprof_stock_pp8192_ub4096	2102
1790720337	opprof_stock_pp8192_ub4096	2102
1790720347	opprof_stock_pp8192_ub4096	2102
1790720357	opprof_zendnn_pp8192_ub4096	2102
1790720367	opprof_zendnn_pp8192_ub4096	2102
1790720377	opprof_zendnn_pp8192_ub4096	2102
1790720387	opprof_zendnn_pp8192_ub4096	2102
1790720397	opprof_zendnn_pp8192_ub4096	2102
1790720407	opprof_zendnn_pp8192_ub4096	2102
1790720417	opprof_zendnn_pp8192_ub4096	2102
1790720427	opprof_zendnn_pp8192_ub4096	2102
1790720437	opprof_zendnn_pp8192_ub4096	2102
1790720447	opprof_zendnn_pp8192_ub4096	2102
1790720457	opprof_zendnn_pp8192_ub4096	2102
1790720467	opprof_zendnn_pp8192_ub4096	2102
1790720477	opprof_zendnn_pp8192_ub4096	2102
1790720487	opprof_zendnn_fb0_pp8192_ub4096	2102
1790720497	opprof_zendnn_fb0_pp8192_ub4096	2102
1790720507	opprof_zendnn_fb0_pp8192_ub4096	2102
1790720517	opprof_zendnn_fb0_pp8192_ub4096	2102
1790720527	opprof_zendnn_fb0_pp8192_ub4096	2102
1790720537	opprof_zendnn_fb0_pp8192_ub4096	2102
1790720547	opprof_zendnn_fb0_pp8192_ub4096	2102
1790720557	opprof_zendnn_fb0_pp8192_ub4096	2102
1790720567	opprof_zendnn_fb0_pp8192_ub4096	2102
1790720577	opprof_zendnn_fb0_pp8192_ub4096	2102
1790720587	opprof_zendnn_fb0_pp8192_ub4096	2102
1790720597	opprof_zendnn_fb0_pp8192_ub4096	2102
1790720607	opprof_zendnn_fb0_pp8192_ub4096	2102
1790720617	opprof_zendnn_fb0_pp8192_ub4096	2102
1790720627	opprof_zendnn_fb0_pp8192_ub4096	2102
1790720637	opprof_zendnn_fb0_pp8192_ub4096	2102
1790720648	opprof_zendnn_fb0_pp8192_ub4096	2102
1790720658	opprof_zendnn_fb0_pp8192_ub4096	2102
1790720668	opprof_zendnn_fb0_pp8192_ub4096	2102
1790720678	opprof_zendnn_fb0_pp8192_ub4096	2102
1790720688	opprof_zendnn_fb0_pp8192_ub4096	2102
1790720698	opprof_zendnn_fb0_pp8192_ub4096	2102
1790720708	vllm_profile_pp256	2102
1790720718	vllm_profile_pp256	2102
1790720728	vllm_profile_pp256	2102
1790720738	vllm_profile_pp256	2102
1790720748	vllm_profile_pp256	2102
1790720758	vllm_profile_pp256	2102
1790720768	vllm_profile_pp256	2102
1790720778	vllm_profile_pp256	2102
1790720788	vllm_profile_pp256	2102
1790720798	vllm_profile_pp256	2102
1790720808	vllm_profile_pp256	2102
1790720818	vllm_profile_pp256	2102
1790720828	vllm_profile_pp256	2102
1790720838	vllm_profile_pp256	2102
1790720848	vllm_profile_pp256	2102
1790720858	vllm_profile_pp256	2102
1790720868	vllm_profile_pp256	2102
1790720878	vllm_profile_pp256	2102
1790720888	vllm_profile_pp256	2102
1790720898	vllm_profile_pp8192	2102
1790720908	vllm_profile_pp8192	2102
1790720918	vllm_profile_pp8192	2102
1790720928	vllm_profile_pp8192	2102
1790720938	vllm_profile_pp8192	2102
1790720948	vllm_profile_pp8192	2102
1790720958	vllm_profile_pp8192	2102
1790720968	vllm_profile_pp8192	2102
1790720978	vllm_profile_pp8192	2102
1790720988	vllm_profile_pp8192	2102
1790720998	vllm_profile_pp8192	2102
1790721008	vllm_profile_pp8192	2102
1790721018	vllm_profile_pp8192	2102
1790721028	vllm_profile_pp8192	2102
1790721038	vllm_profile_pp8192	2102
1790721048	vllm_profile_pp8192	2102
1790721058	vllm_profile_pp8192	2102
1790721068	vllm_profile_pp8192	2102
1790721078	vllm_profile_pp8192	2102
1790721088	vllm_profile_pp8192	2102
1790721098	vllm_profile_pp8192	2102
1790721108	vllm_profile_pp8192	2102
1790721119	vllm_profile_pp8192	2102
1790721129	vllm_profile_pp8192	2102
1790721139	zendnnl_log	2102
1790721149	zendnnl_log	2102
1790721159	zendnnl_log	2102
1790721169	zendnnl_log	2102
