environment	0	1
build_opprof	0	1
bench_stock	0	290
bench_zendnn	0	296
bench_zendnn_fb0	0	746
bench_zendnn_fb0_grp1	0	20
bench_zendnn_fb0_grp3	0	49
bench_zendnn_fb0_grp4	143	657
bench_zendnn_fb0_grp5	0	16
vllm_pp256	0	277
vllm_pp8192	0	292
placement_zendnn	0	8
placement_zendnn_fb0	0	37
opprof_stock_pp256_ub512	0	9
opprof_zendnn_pp256_ub512	0	9
opprof_zendnn_fb0_pp256_ub512	0	49
opprof_stock_pp8192_ub512	0	142
opprof_zendnn_pp8192_ub512	0	136
opprof_zendnn_fb0_pp8192_ub512	0	191
opprof_stock_pp8192_ub4096	0	138
opprof_zendnn_pp8192_ub4096	0	131
opprof_zendnn_fb0_pp8192_ub4096	0	216
vllm_profile_pp256	0	199
vllm_profile_pp8192	0	237
zendnnl_log	0	39
