t_s,rss_gb,minflt,majflt
0,0.00,169,0
5,3.76,984146,0
10,7.58,1984687,0
15,11.47,3004798,0
20,15.36,4023888,0
25,19.24,5042950,0
30,23.01,6030317,0
35,26.83,7030887,0
40,30.69,8046705,0
45,34.55,9058316,0
50,38.43,10072785,0
55,42.39,11109288,0
60,46.33,12144749,0
65,50.28,13180457,0
70,54.23,14232602,0
75,58.18,15266495,0
80,62.12,16302184,0
85,68.40,18097710,0
90,79.61,21036621,0
96,90.56,23905764,0
101,101.92,26882933,0
106,113.24,29864424,0
111,124.77,32874306,0
116,135.71,35743266,0
121,145.64,38344346,0
126,153.67,40448429,0
131,159.18,41894283,0
136,163.45,43013015,0
141,165.76,43618909,0
146,167.77,44144800,0
151,169.16,44510942,0
156,170.31,44810543,0
161,171.95,45242741,0
166,172.70,45436839,0
171,173.26,45584320,0
176,173.83,45733848,0
181,174.27,45849076,0
186,174.75,45975053,0
191,175.21,46094883,0
196,175.51,46174773,0
201,175.82,46254660,0
